record_id,vehicle,community,community_url,post_id,comment_id,parent_id,source_type,author_id,author_pseudonym,date,text_raw,url,scraped_at,_origin,dedup_key,is_duplicate,text_clean,text_normalized,vehicle_v2,vehicle_confidence,vehicle_reason,candidate_adas,matched_keywords,layer_hit,feature_names_hit,generic_adas_only,adas_relevance,relevance_reason,relevance_confidence,feature,subfeature,driving_scenario,evidence_type,sentiment,smoothness,expectation_mismatch,feature_confidence
rec_fe733608439c8fb0,XPeng G6,Xpeng G6 Indonesia,https://www.facebook.com/groups/1757639348184159,post_10,,,post,,,,"TINGKATKAN FASILITAS TEMPAT KERJA ANDA DENGAN EV-CHARGER
Sediakan fasilitas charging kendaraan listrik untuk karyawan, tamu, maupun kendaraan operasional perusahaan sekarang juga
lebih nyaman
lebih praktis
Lihat selengkapnya",https://www.facebook.com/groups/1757639348184159,2026-09-18T03:15:33Z,raw_data_run_20260918_101427_89744d.csv,rec_fe733608439c8fb0,False,"TINGKATKAN FASILITAS TEMPAT KERJA ANDA DENGAN EV-CHARGER Sediakan fasilitas charging kendaraan listrik untuk karyawan, tamu, maupun kendaraan operasional perusahaan sekarang juga lebih nyaman lebih praktis Lihat selengkapnya","tingkatkan fasilitas tempat kerja anda dengan ev-charger sediakan fasilitas charging kendaraan listrik untuk karyawan, tamu, maupun kendaraan operasional perusahaan sekarang juga lebih nyaman lebih praktis lihat selengkapnya",XPeng G6,medium,community_context,False,,,,False,not_relevant,no_adas_keyword,,UNKNOWN,,,,,,,
rec_b42063610034fdaf,XPeng G6,Xpeng G6 Indonesia,https://www.facebook.com/groups/1757639348184159,post_10,post_10_comment_1,post_10,comment,,,,"https://s.shopee.co.id/W6dOxxKL8 Xmate Karpet Mobil Xpeng X9 2025-Sekarang Bahan TPE Premium 100% Presisi, Plug and Play, Anti Air, Anti Bakteri, Garansi 10 Tahun Ganti Baru",https://www.facebook.com/groups/1757639348184159,2026-09-18T03:15:37Z,raw_data_run_20260918_101427_89744d.csv,rec_b42063610034fdaf,False,"[url] Xmate Karpet Mobil Xpeng X9 2025-Sekarang Bahan TPE Premium 100% Presisi, Plug and Play, Anti Air, Anti Bakteri, Garansi 10 Tahun Ganti Baru","[url] xmate karpet mobil xpeng x9 2025-sekarang bahan tpe premium 100% presisi, plug and play, anti air, anti bakteri, garansi 10 tahun ganti baru",XPeng G6,medium,community_context,False,,,,False,not_relevant,no_adas_keyword,,UNKNOWN,,,,,,,
rec_23b8d22ef8a841e6,XPeng G6,Xpeng G6 Indonesia,https://www.facebook.com/groups/1757639348184159,post_10,post_10_comment_2,post_10,comment,,,,"Hi G6 Fam! 
Karena pengguna XPENG G6 di Indonesia masih belum terlalu banyak, rasanya sayang kalau kita yang punya G6 jalan sendiri-sendiri 
Jadi, saya bermaksud untuk para G6 owners & enthusiasts dalam satu community: G6 Society Indonesia 
Biar… Lihat selengkapnya",https://www.facebook.com/groups/1757639348184159,2026-09-18T03:15:38Z,raw_data_run_20260918_101427_89744d.csv,rec_23b8d22ef8a841e6,False,"Hi G6 Fam! Karena pengguna XPENG G6 di Indonesia masih belum terlalu banyak, rasanya sayang kalau kita yang punya G6 jalan sendiri-sendiri Jadi, saya bermaksud untuk para G6 owners & enthusiasts dalam satu community: G6 Society Indonesia Biar… Lihat selengkapnya","hi g6 fam! karena pengguna xpeng g6 di indonesia masih belum terlalu banyak, rasanya sayang kalau kita yang punya g6 jalan sendiri-sendiri jadi, saya bermaksud untuk para g6 owners & enthusiasts dalam satu community: g6 society indonesia biar… lihat selengkapnya",XPeng G6,high,explicit_text_alias_strong,False,,,,False,not_relevant,no_adas_keyword,,UNKNOWN,,,,,,,
rec_46fd5ff901c60de3,XPeng G6,Xpeng G6 Indonesia,https://www.facebook.com/groups/1757639348184159,post_10,post_10_comment_3,post_10,comment,,,,Hi G6 Fam!,https://www.facebook.com/groups/1757639348184159,2026-09-18T03:15:38Z,raw_data_run_20260918_101427_89744d.csv,rec_46fd5ff901c60de3,False,Hi G6 Fam!,hi g6 fam!,XPeng G6,high,explicit_text_alias_strong,False,,,,False,not_relevant,no_adas_keyword,,UNKNOWN,,,,,,,
rec_ed3d755845086dd9,XPeng G6,Xpeng G6 Indonesia,https://www.facebook.com/groups/1757639348184159,post_10,post_10_comment_4,post_10,comment,,,,"Karena pengguna XPENG G6 di Indonesia masih belum terlalu banyak, rasanya sayang kalau kita yang punya G6 jalan sendiri-sendiri",https://www.facebook.com/groups/1757639348184159,2026-09-18T03:15:38Z,raw_data_run_20260918_101427_89744d.csv,rec_ed3d755845086dd9,False,"Karena pengguna XPENG G6 di Indonesia masih belum terlalu banyak, rasanya sayang kalau kita yang punya G6 jalan sendiri-sendiri","karena pengguna xpeng g6 di indonesia masih belum terlalu banyak, rasanya sayang kalau kita yang punya g6 jalan sendiri-sendiri",XPeng G6,high,explicit_text_alias_strong,False,,,,False,not_relevant,no_adas_keyword,,UNKNOWN,,,,,,,
rec_d4b0371075e2957a,XPeng G6,Xpeng G6 Indonesia,https://www.facebook.com/groups/1757639348184159,post_10,post_10_comment_5,post_10,comment,,,,"Jadi, saya bermaksud untuk para G6 owners & enthusiasts dalam satu community: G6 Society Indonesia",https://www.facebook.com/groups/1757639348184159,2026-09-18T03:15:38Z,raw_data_run_20260918_101427_89744d.csv,rec_d4b0371075e2957a,False,"Jadi, saya bermaksud untuk para G6 owners & enthusiasts dalam satu community: G6 Society Indonesia","jadi, saya bermaksud untuk para g6 owners & enthusiasts dalam satu community: g6 society indonesia",XPeng G6,high,explicit_text_alias_strong,False,,,,False,not_relevant,no_adas_keyword,,UNKNOWN,,,,,,,
rec_e482dadec929ff79,XPeng G6,Xpeng G6 Indonesia,https://www.facebook.com/groups/1757639348184159,post_10,post_10_comment_6,post_10,comment,,,,Biar… Lihat selengkapnya,https://www.facebook.com/groups/1757639348184159,2026-09-18T03:15:38Z,raw_data_run_20260918_101427_89744d.csv,rec_e482dadec929ff79,False,Biar… Lihat selengkapnya,biar… lihat selengkapnya,XPeng G6,medium,community_context,False,,,,False,not_relevant,no_adas_keyword,,UNKNOWN,,,,,,,
rec_83ab4c0767661e8a,XPeng G6,Xpeng G6 Indonesia,https://www.facebook.com/groups/1757639348184159,post_10,post_10_comment_7,post_10,comment,,,,Forum for G6 Owners in Indonesia to share experience.,https://www.facebook.com/groups/1757639348184159,2026-09-18T03:15:38Z,raw_data_run_20260918_101427_89744d.csv,rec_83ab4c0767661e8a,False,Forum for G6 Owners in Indonesia to share experience.,forum for g6 owners in indonesia to share experience.,XPeng G6,high,explicit_text_alias_strong,False,,,,False,not_relevant,no_adas_keyword,,UNKNOWN,,,,,,,
rec_d9302d5c5a1a3673,XPeng G6,Xpeng G6 Indonesia,https://www.facebook.com/groups/1757639348184159,post_10,post_10_comment_8,post_10,comment,,,,"https://s.shopee.co.id/3Vk7dlAkeO Xmate Karpet Mobil Xpeng X9 2025-Sekarang Bahan TPE Premium 100% Presisi, Plug and Play, Anti Air, Anti Bakteri, Garansi 10 Tahun Ganti Baru",https://www.facebook.com/groups/1757639348184159,2026-09-18T03:15:39Z,raw_data_run_20260918_101427_89744d.csv,rec_d9302d5c5a1a3673,False,"[url] Xmate Karpet Mobil Xpeng X9 2025-Sekarang Bahan TPE Premium 100% Presisi, Plug and Play, Anti Air, Anti Bakteri, Garansi 10 Tahun Ganti Baru","[url] xmate karpet mobil xpeng x9 2025-sekarang bahan tpe premium 100% presisi, plug and play, anti air, anti bakteri, garansi 10 tahun ganti baru",XPeng G6,medium,community_context,False,,,,False,not_relevant,no_adas_keyword,,UNKNOWN,,,,,,,
rec_b781c69be6e4f0de,XPeng G6,Xpeng G6 Indonesia,https://www.facebook.com/groups/1757639348184159,post_10,post_10_comment_9,post_10,comment,,,,"#fyp
#foryoupage… Lihat selengkapnya",https://www.facebook.com/groups/1757639348184159,2026-09-18T03:15:41Z,raw_data_run_20260918_101427_89744d.csv,rec_b781c69be6e4f0de,False,#fyp #foryoupage… Lihat selengkapnya,#fyp #foryoupage… lihat selengkapnya,XPeng G6,medium,community_context,False,,,,False,not_relevant,no_adas_keyword,,UNKNOWN,,,,,,,
rec_47897e0869e57473,XPeng G6,Xpeng G6 Indonesia,https://www.facebook.com/groups/1757639348184159,post_10,post_10_comment_10,post_10,comment,,,,#foryoupage… Lihat selengkapnya,https://www.facebook.com/groups/1757639348184159,2026-09-18T03:15:41Z,raw_data_run_20260918_101427_89744d.csv,rec_47897e0869e57473,False,#foryoupage… Lihat selengkapnya,#foryoupage… lihat selengkapnya,XPeng G6,medium,community_context,False,,,,False,not_relevant,no_adas_keyword,,UNKNOWN,,,,,,,
rec_0800b88d15306a0f,XPeng G6,Xpeng G6 Indonesia,https://www.facebook.com/groups/1757639348184159,post_10,post_10_comment_11,post_10,comment,,,,"Dulu: Isi bensin antri + mahal 
Sekarang: Pulang kerja, colok EV Charger... besok pagi udah full 
Rasanya punya ""SPBU pribadi"" di garasi.
Ma… Lihat selengkapnya",https://www.facebook.com/groups/1757639348184159,2026-09-18T03:15:43Z,raw_data_run_20260918_101427_89744d.csv,rec_0800b88d15306a0f,False,"Dulu: Isi bensin antri + mahal Sekarang: Pulang kerja, colok EV Charger... besok pagi udah full Rasanya punya ""SPBU pribadi"" di garasi. Ma… Lihat selengkapnya","dulu: isi bensin antri + mahal sekarang: pulang kerja, colok ev charger... besok pagi udah full rasanya punya ""spbu pribadi"" di garasi. ma… lihat selengkapnya",XPeng G6,medium,community_context,False,,,,False,not_relevant,no_adas_keyword,,UNKNOWN,,,,,,,
rec_9a7c7c9a9061c1e4,XPeng G6,Xpeng G6 Indonesia,https://www.facebook.com/groups/1757639348184159,post_10,post_10_comment_12,post_10,comment,,,,Dulu: Isi bensin antri + mahal,https://www.facebook.com/groups/1757639348184159,2026-09-18T03:15:43Z,raw_data_run_20260918_101427_89744d.csv,rec_9a7c7c9a9061c1e4,False,Dulu: Isi bensin antri + mahal,dulu: isi bensin antri + mahal,XPeng G6,medium,community_context,False,,,,False,not_relevant,no_adas_keyword,,UNKNOWN,,,,,,,
rec_bcd6981dc0831094,XPeng G6,Xpeng G6 Indonesia,https://www.facebook.com/groups/1757639348184159,post_10,post_10_comment_13,post_10,comment,,,,"Sekarang: Pulang kerja, colok EV Charger... besok pagi udah full",https://www.facebook.com/groups/1757639348184159,2026-09-18T03:15:43Z,raw_data_run_20260918_101427_89744d.csv,rec_bcd6981dc0831094,False,"Sekarang: Pulang kerja, colok EV Charger... besok pagi udah full","sekarang: pulang kerja, colok ev charger... besok pagi udah full",XPeng G6,medium,community_context,False,,,,False,not_relevant,no_adas_keyword,,UNKNOWN,,,,,,,
rec_f978ca831cd35341,XPeng G6,Xpeng G6 Indonesia,https://www.facebook.com/groups/1757639348184159,post_10,post_10_comment_14,post_10,comment,,,,"Rasanya punya ""SPBU pribadi"" di garasi.",https://www.facebook.com/groups/1757639348184159,2026-09-18T03:15:43Z,raw_data_run_20260918_101427_89744d.csv,rec_f978ca831cd35341,False,"Rasanya punya ""SPBU pribadi"" di garasi.","rasanya punya ""spbu pribadi"" di garasi.",XPeng G6,medium,community_context,False,,,,False,not_relevant,no_adas_keyword,,UNKNOWN,,,,,,,
rec_63dd2e2c850af97e,XPeng G6,Xpeng G6 Indonesia,https://www.facebook.com/groups/1757639348184159,post_10,post_10_comment_15,post_10,comment,,,,Ma… Lihat selengkapnya,https://www.facebook.com/groups/1757639348184159,2026-09-18T03:15:43Z,raw_data_run_20260918_101427_89744d.csv,rec_63dd2e2c850af97e,False,Ma… Lihat selengkapnya,ma… lihat selengkapnya,XPeng G6,medium,community_context,False,,,,False,not_relevant,no_adas_keyword,,UNKNOWN,,,,,,,
rec_7e5da5ec46348154,XPeng G6,Xpeng G6 Indonesia,https://www.facebook.com/groups/1757639348184159,post_10,post_10_comment_16,post_10,comment,,,,"https://s.shopee.co.id/1Vz1i63RXS Xmate Karpet Mobil Xpeng X9 2025-Sekarang Bahan TPE Premium 100% Presisi, Plug and Play, Anti Air, Anti Bakteri, Garansi 10 Tahun Ganti Baru",https://www.facebook.com/groups/1757639348184159,2026-09-18T03:15:43Z,raw_data_run_20260918_101427_89744d.csv,rec_7e5da5ec46348154,False,"[url] Xmate Karpet Mobil Xpeng X9 2025-Sekarang Bahan TPE Premium 100% Presisi, Plug and Play, Anti Air, Anti Bakteri, Garansi 10 Tahun Ganti Baru","[url] xmate karpet mobil xpeng x9 2025-sekarang bahan tpe premium 100% presisi, plug and play, anti air, anti bakteri, garansi 10 tahun ganti baru",XPeng G6,medium,community_context,False,,,,False,not_relevant,no_adas_keyword,,UNKNOWN,,,,,,,
rec_4999c607a9af2b42,XPeng G6,Xpeng G6 Indonesia,https://www.facebook.com/groups/1757639348184159,post_10,post_10_comment_17,post_10,comment,,,,"TINGKATKAN FASILITAS TEMPAT KERJA ANDA DENGAN EV-CHARGER
Sediakan fasilitas charging kendaraan listrik untuk karyawan, tamu, maupun kendaraan operasional perusahaan sekarang juga
lebih nyaman
lebih praktis
Lihat selengkapnya",https://www.facebook.com/groups/1757639348184159,2026-09-18T03:15:46Z,raw_data_run_20260918_101427_89744d.csv,rec_4999c607a9af2b42,False,"TINGKATKAN FASILITAS TEMPAT KERJA ANDA DENGAN EV-CHARGER Sediakan fasilitas charging kendaraan listrik untuk karyawan, tamu, maupun kendaraan operasional perusahaan sekarang juga lebih nyaman lebih praktis Lihat selengkapnya","tingkatkan fasilitas tempat kerja anda dengan ev-charger sediakan fasilitas charging kendaraan listrik untuk karyawan, tamu, maupun kendaraan operasional perusahaan sekarang juga lebih nyaman lebih praktis lihat selengkapnya",XPeng G6,medium,community_context,False,,,,False,not_relevant,no_adas_keyword,,UNKNOWN,,,,,,,
rec_bb96989fcea0f80b,XPeng G6,Xpeng G6 Indonesia,https://www.facebook.com/groups/1757639348184159,post_10,post_10_comment_18,post_10,comment,,,,"Karpet xpeng g6 presisi anti air, beli disini
https://s.shopee.co.id/5LBNYdleA7",https://www.facebook.com/groups/1757639348184159,2026-09-18T03:15:48Z,raw_data_run_20260918_101427_89744d.csv,rec_bb96989fcea0f80b,False,"Karpet xpeng g6 presisi anti air, beli disini [url]","karpet xpeng g6 presisi anti air, beli disini [url]",XPeng G6,high,explicit_text_alias_strong,False,,,,False,not_relevant,no_adas_keyword,,UNKNOWN,,,,,,,
rec_427fef9138abd808,XPeng G6,Xpeng G6 Indonesia,https://www.facebook.com/groups/1757639348184159,post_10,post_10_comment_19,post_10,comment,,,,"Hai gaes..
Hari ini pasang lagi buat fasilitas perkantoran, lengkap dengan metal leg-nya.
Untuk perusahaan2, fasim2 lain yang mau samaan pasangnya.. Buruan kepoin nih.. READY STOCK.. Buat fasilitas pribadi di rumah juga bisa banget..
Lihat selengkapnya",https://www.facebook.com/groups/1757639348184159,2026-09-18T03:15:49Z,raw_data_run_20260918_101427_89744d.csv,rec_427fef9138abd808,False,"Hai gaes.. Hari ini pasang lagi buat fasilitas perkantoran, lengkap dengan metal leg-nya. Untuk perusahaan2, fasim2 lain yang mau samaan pasangnya.. Buruan kepoin nih.. READY STOCK.. Buat fasilitas pribadi di rumah juga bisa banget.. Lihat selengkapnya","hai gaes.. hari ini pasang lagi buat fasilitas perkantoran, lengkap dengan metal leg-nya. untuk perusahaan2, fasim2 lain yang mau samaan pasangnya.. buruan kepoin nih.. ready stock.. buat fasilitas pribadi di rumah juga bisa banget.. lihat selengkapnya",XPeng G6,medium,community_context,False,,,,False,not_relevant,no_adas_keyword,,UNKNOWN,,,,,,,
rec_3cb53a6e61dcf435,XPeng G6,Xpeng G6 Indonesia,https://www.facebook.com/groups/1757639348184159,post_10,post_10_comment_20,post_10,comment,,,,"Yang masih nyari2 Wall Charger…
Buruan cari tau info lengkapnya di :
08161837957
READY Stock, gratis survey jabodetabek.
Lihat selengkapnya",https://www.facebook.com/groups/1757639348184159,2026-09-18T03:15:51Z,raw_data_run_20260918_101427_89744d.csv,rec_3cb53a6e61dcf435,False,"Yang masih nyari2 Wall Charger… Buruan cari tau info lengkapnya di : 08161837957 READY Stock, gratis survey jabodetabek. Lihat selengkapnya","yang masih nyari2 wall charger… buruan cari tau info lengkapnya di : 08161837957 ready stock, gratis survey jabodetabek. lihat selengkapnya",XPeng G6,medium,community_context,False,,,,False,not_relevant,no_adas_keyword,,UNKNOWN,,,,,,,
rec_c71a4eb297b9a17a,XPeng G6,Xpeng G6 Indonesia,https://www.facebook.com/groups/1757639348184159,post_10,post_10_comment_21,post_10,comment,,,,Asalamualaikum izin posting admin… Lihat selengkapnya,https://www.facebook.com/groups/1757639348184159,2026-09-18T03:15:52Z,raw_data_run_20260918_101427_89744d.csv,rec_c71a4eb297b9a17a,False,Asalamualaikum izin posting admin… Lihat selengkapnya,asalamualaikum izin posting admin… lihat selengkapnya,XPeng G6,medium,community_context,False,,,,False,not_relevant,no_adas_keyword,,UNKNOWN,,,,,,,
rec_10afb83c9b87f90f,XPeng G6,Xpeng G6 Indonesia,https://www.facebook.com/groups/1757639348184159,post_10,post_10_comment_22,post_10,comment,,,,"https://s.shopee.co.id/7fZ1Afunzd Xmate Karpet Mobil Xpeng X9 2025-Sekarang Bahan TPE Premium 100% Presisi, Plug and Play, Anti Air, Anti Bakteri, Garansi 10 Tahun Ganti Baru",https://www.facebook.com/groups/1757639348184159,2026-09-18T03:15:52Z,raw_data_run_20260918_101427_89744d.csv,rec_10afb83c9b87f90f,False,"[url] Xmate Karpet Mobil Xpeng X9 2025-Sekarang Bahan TPE Premium 100% Presisi, Plug and Play, Anti Air, Anti Bakteri, Garansi 10 Tahun Ganti Baru","[url] xmate karpet mobil xpeng x9 2025-sekarang bahan tpe premium 100% presisi, plug and play, anti air, anti bakteri, garansi 10 tahun ganti baru",XPeng G6,medium,community_context,False,,,,False,not_relevant,no_adas_keyword,,UNKNOWN,,,,,,,
rec_3200312d3c5aaeed,XPeng G6,Xpeng G6 Indonesia,https://www.facebook.com/groups/1757639348184159,post_10,post_10_comment_23,post_10,comment,,,,"Buat yang suka interior rapih , bersih , nyaman cocok banget nih barang nya buat kamu. Yuk support",https://www.facebook.com/groups/1757639348184159,2026-09-18T03:15:54Z,raw_data_run_20260918_101427_89744d.csv,rec_3200312d3c5aaeed,False,"Buat yang suka interior rapih , bersih , nyaman cocok banget nih barang nya buat kamu. Yuk support","buat yang suka interior rapih , bersih , nyaman cocok banget nih barang nya buat kamu. yuk support",XPeng G6,medium,community_context,False,,,,False,not_relevant,no_adas_keyword,,UNKNOWN,,,,,,,
rec_c4ca69fc678daa42,XPeng G6,Xpeng G6 Indonesia,https://www.facebook.com/groups/1757639348184159,post_10,post_10_comment_24,post_10,comment,,,,https://tk.tokopedia.com/ZS4EokLc6/,https://www.facebook.com/groups/1757639348184159,2026-09-18T03:15:54Z,raw_data_run_20260918_101427_89744d.csv,rec_c4ca69fc678daa42,False,[url],[url],XPeng G6,medium,community_context,False,,,,False,not_relevant,no_adas_keyword,,UNKNOWN,,,,,,,
rec_e8434e74a873046c,XPeng G6,Xpeng G6 Indonesia,https://www.facebook.com/groups/1757639348184159,post_10,post_10_comment_25,post_10,comment,,,,"Buat yg nyari aksesoris Xpeng G6 , barang nya baru semua , High Quality pasti nya
https://tk.tokopedia.com/ZS4Eo8gUV/
langsung di cek aja",https://www.facebook.com/groups/1757639348184159,2026-09-18T03:15:56Z,raw_data_run_20260918_101427_89744d.csv,rec_e8434e74a873046c,False,"Buat yg nyari aksesoris Xpeng G6 , barang nya baru semua , High Quality pasti nya [url] langsung di cek aja","buat yg nyari aksesoris xpeng g6 , barang nya baru semua , high quality pasti nya [url] langsung di cek aja",XPeng G6,high,explicit_text_alias_strong,False,,,,False,not_relevant,no_adas_keyword,,UNKNOWN,,,,,,,
rec_f26215ceabb112e6,XPeng G6,Xpeng G6 Indonesia,https://www.facebook.com/groups/1757639348184159,post_10,post_10_comment_26,post_10,comment,,,,"Siapa cepat .. dia dapat…
Pasaaang lagi.. buruan hyuuk yg belum pasang wall charger… cepat, tepat, hemat….
Untuk info lebih lanjut hubungi admin di :
08161837957",https://www.facebook.com/groups/1757639348184159,2026-09-18T03:15:57Z,raw_data_run_20260918_101427_89744d.csv,rec_f26215ceabb112e6,False,"Siapa cepat .. dia dapat… Pasaaang lagi.. buruan hyuuk yg belum pasang wall charger… cepat, tepat, hemat…. Untuk info lebih lanjut hubungi admin di : 08161837957","siapa cepat .. dia dapat… pasaaang lagi.. buruan hyuuk yg belum pasang wall charger… cepat, tepat, hemat…. untuk info lebih lanjut hubungi admin di : 08161837957",XPeng G6,medium,community_context,False,,,,False,not_relevant,no_adas_keyword,,UNKNOWN,,,,,,,
rec_3c1bfd22fdb5ce88,XPeng G6,Xpeng G6 Indonesia,https://www.facebook.com/groups/1757639348184159,post_10,post_10_comment_27,post_10,comment,,,,"Yang dah pesen mobil listrik nya di GIIAS…
Sekarang waktunya pasang Wall Charger di rumah…
Anti ribet, anti antri, aman, nyaman..
Yang paling penting Ready Stock niih…
Lihat selengkapnya",https://www.facebook.com/groups/1757639348184159,2026-09-18T03:15:59Z,raw_data_run_20260918_101427_89744d.csv,rec_3c1bfd22fdb5ce88,False,"Yang dah pesen mobil listrik nya di GIIAS… Sekarang waktunya pasang Wall Charger di rumah… Anti ribet, anti antri, aman, nyaman.. Yang paling penting Ready Stock niih… Lihat selengkapnya","yang dah pesen mobil listrik nya di giias… sekarang waktunya pasang wall charger di rumah… anti ribet, anti antri, aman, nyaman.. yang paling penting ready stock niih… lihat selengkapnya",XPeng G6,medium,community_context,False,,,,False,not_relevant,no_adas_keyword,,UNKNOWN,,,,,,,
rec_17e9218c491c5cf4,XPeng G6,Xpeng G6 Indonesia,https://www.facebook.com/groups/1757639348184159,post_10,post_10_comment_28,post_10,comment,,,,Ada yang sudah pasang cover untuk break caliper G6? Boleh info2 dong. Tq,https://www.facebook.com/groups/1757639348184159,2026-09-18T03:16:01Z,raw_data_run_20260918_101427_89744d.csv,rec_17e9218c491c5cf4,False,Ada yang sudah pasang cover untuk break caliper G6? Boleh info2 dong. Tq,ada yang sudah pasang cover untuk break caliper g6? boleh info2 dong. tq,XPeng G6,high,explicit_text_alias_strong,False,,,,False,not_relevant,no_adas_keyword,,UNKNOWN,,,,,,,
rec_5a52306c8d45e583,XPeng G6,Xpeng G6 Indonesia,https://www.facebook.com/groups/1757639348184159,post_10,post_10_comment_29,post_10,comment,,,,JASA PEMASANGAN WALL CHARGER ORIGINAL XPENG … Lihat selengkapnya,https://www.facebook.com/groups/1757639348184159,2026-09-18T03:16:02Z,raw_data_run_20260918_101427_89744d.csv,rec_5a52306c8d45e583,False,JASA PEMASANGAN WALL CHARGER ORIGINAL XPENG … Lihat selengkapnya,jasa pemasangan wall charger original xpeng … lihat selengkapnya,XPeng G6,medium,community_context,False,,,,False,not_relevant,no_adas_keyword,,UNKNOWN,,,,,,,
rec_0d7d8904f8e92256,XPeng G6,Xpeng G6 Indonesia,https://www.facebook.com/groups/1757639348184159,post_10,post_10_comment_30,post_10,comment,,,,"Lagiii….pemasangan wall charger hari ini..
Dengan pemasangan charger yang tepat, proses pengisian daya jadi lebih nyaman, aman dan rapi.
Kami siap membantu mulai dari konsultasi kebutuhan, pengecekan lokasi hingga proses instalasi sampai tuntassss….
Lihat selengkapnya",https://www.facebook.com/groups/1757639348184159,2026-09-18T03:16:02Z,raw_data_run_20260918_101427_89744d.csv,rec_0d7d8904f8e92256,False,"Lagiii….pemasangan wall charger hari ini.. Dengan pemasangan charger yang tepat, proses pengisian daya jadi lebih nyaman, aman dan rapi. Kami siap membantu mulai dari konsultasi kebutuhan, pengecekan lokasi hingga proses instalasi sampai tuntassss…. Lihat selengkapnya","lagiii….pemasangan wall charger hari ini.. dengan pemasangan charger yang tepat, proses pengisian daya jadi lebih nyaman, aman dan rapi. kami siap membantu mulai dari konsultasi kebutuhan, pengecekan lokasi hingga proses instalasi sampai tuntassss…. lihat selengkapnya",XPeng G6,medium,community_context,False,,,,False,not_relevant,no_adas_keyword,,UNKNOWN,,,,,,,
rec_3c38a0ecab0a914e,XPeng G6,Xpeng G6 Indonesia,https://www.facebook.com/groups/1757639348184159,post_10,post_10_comment_31,post_10,comment,,,,"Akhirnyaaaa…
Selesai pemasangan hari ini di wilayah Jakarta Timur…
Yang lain yang mau pasang hyuuk hubungi admin di :
08161837957",https://www.facebook.com/groups/1757639348184159,2026-09-18T03:16:04Z,raw_data_run_20260918_101427_89744d.csv,rec_3c38a0ecab0a914e,False,Akhirnyaaaa… Selesai pemasangan hari ini di wilayah Jakarta Timur… Yang lain yang mau pasang hyuuk hubungi admin di : 08161837957,akhirnyaaaa… selesai pemasangan hari ini di wilayah jakarta timur… yang lain yang mau pasang hyuuk hubungi admin di : 08161837957,XPeng G6,medium,community_context,False,,,,False,not_relevant,no_adas_keyword,,UNKNOWN,,,,,,,
rec_819441b3c8790336,XPeng G6,Xpeng G6 Indonesia,https://www.facebook.com/groups/1757639348184159,post_10,post_10_comment_32,post_10,comment,,,,"Permisiiiii…
Hyuuk yg udah booking fee di GIIAS2026, buruan booking chargernya buat di rumah… bisa sekalian pasang juga kok.. READY Stock… !!
Info lebih lanjut hubungi admin di … Lihat selengkapnya",https://www.facebook.com/groups/1757639348184159,2026-09-18T03:16:05Z,raw_data_run_20260918_101427_89744d.csv,rec_819441b3c8790336,False,"Permisiiiii… Hyuuk yg udah booking fee di GIIAS2026, buruan booking chargernya buat di rumah… bisa sekalian pasang juga kok.. READY Stock… !! Info lebih lanjut hubungi admin di … Lihat selengkapnya","permisiiiii… hyuuk yg udah booking fee di giias2026, buruan booking chargernya buat di rumah… bisa sekalian pasang juga kok.. ready stock… !! info lebih lanjut hubungi admin di … lihat selengkapnya",XPeng G6,medium,community_context,False,,,,False,not_relevant,no_adas_keyword,,UNKNOWN,,,,,,,
rec_2b2e6c22e18b9389,XPeng G6,Xpeng G6 Indonesia,https://www.facebook.com/groups/1757639348184159,post_10,post_10_comment_33,post_10,comment,,,,Permisiiiii…,https://www.facebook.com/groups/1757639348184159,2026-09-18T03:16:05Z,raw_data_run_20260918_101427_89744d.csv,rec_2b2e6c22e18b9389,False,Permisiiiii…,permisiiiii…,XPeng G6,medium,community_context,False,,,,False,not_relevant,no_adas_keyword,,UNKNOWN,,,,,,,
rec_b8917f38b00663c4,XPeng G6,Xpeng G6 Indonesia,https://www.facebook.com/groups/1757639348184159,post_10,post_10_comment_34,post_10,comment,,,,"Hyuuk yg udah booking fee di GIIAS2026, buruan booking chargernya buat di rumah… bisa sekalian pasang juga kok.. READY Stock… !!",https://www.facebook.com/groups/1757639348184159,2026-09-18T03:16:05Z,raw_data_run_20260918_101427_89744d.csv,rec_b8917f38b00663c4,False,"Hyuuk yg udah booking fee di GIIAS2026, buruan booking chargernya buat di rumah… bisa sekalian pasang juga kok.. READY Stock… !!","hyuuk yg udah booking fee di giias2026, buruan booking chargernya buat di rumah… bisa sekalian pasang juga kok.. ready stock… !!",XPeng G6,medium,community_context,False,,,,False,not_relevant,no_adas_keyword,,UNKNOWN,,,,,,,
rec_8058993cdcab5be2,XPeng G6,Xpeng G6 Indonesia,https://www.facebook.com/groups/1757639348184159,post_10,post_10_comment_35,post_10,comment,,,,Info lebih lanjut hubungi admin di … Lihat selengkapnya,https://www.facebook.com/groups/1757639348184159,2026-09-18T03:16:05Z,raw_data_run_20260918_101427_89744d.csv,rec_8058993cdcab5be2,False,Info lebih lanjut hubungi admin di … Lihat selengkapnya,info lebih lanjut hubungi admin di … lihat selengkapnya,XPeng G6,medium,community_context,False,,,,False,not_relevant,no_adas_keyword,,UNKNOWN,,,,,,,
rec_5f0125f06bfaad37,XPeng G6,Xpeng G6 Indonesia,https://www.facebook.com/groups/1757639348184159,post_10,post_10_comment_36,post_10,comment,,,,https://www.facebook.com/marketplace/item/1550975863266958/?mibextid=dXMIcH,https://www.facebook.com/groups/1757639348184159,2026-09-18T03:16:07Z,raw_data_run_20260918_101427_89744d.csv,rec_5f0125f06bfaad37,False,[url],[url],XPeng G6,medium,community_context,False,,,,False,not_relevant,no_adas_keyword,,UNKNOWN,,,,,,,
rec_3c4bc28b76b10367,XPeng G6,Xpeng G6 Indonesia,https://www.facebook.com/groups/1757639348184159,post_10,post_10_comment_37,post_10,comment,,,,"Hello Guys…..
Yg sudah punya mobil listrik tapi belum punya Charger-nya… hyuuk buruan kepoin Charger kami yaa…
APAPUN MOBIL LISTRIK nya, device kami siap melayani pengisian dayanya ..
Info lebih lanjut hubungi kami di :
Lihat selengkapnya",https://www.facebook.com/groups/1757639348184159,2026-09-18T03:16:09Z,raw_data_run_20260918_101427_89744d.csv,rec_3c4bc28b76b10367,False,"Hello Guys….. Yg sudah punya mobil listrik tapi belum punya Charger-nya… hyuuk buruan kepoin Charger kami yaa… APAPUN MOBIL LISTRIK nya, device kami siap melayani pengisian dayanya .. Info lebih lanjut hubungi kami di : Lihat selengkapnya","hello guys….. yg sudah punya mobil listrik tapi belum punya charger-nya… hyuuk buruan kepoin charger kami yaa… apapun mobil listrik nya, device kami siap melayani pengisian dayanya .. info lebih lanjut hubungi kami di : lihat selengkapnya",XPeng G6,medium,community_context,False,,,,False,not_relevant,no_adas_keyword,,UNKNOWN,,,,,,,
rec_8cb8ff0c855c7c75,XPeng G6,Xpeng G6 Indonesia,https://www.facebook.com/groups/1757639348184159,post_10,post_10_comment_38,post_10,comment,,,,"*Ubah Lahan Kosong Jadi Mesin Uang Hijau*
Punya lahan parkir / sport club / ruko / cafe / mall / pom kosong
Jadikan SPKLU yuk
Lihat selengkapnya",https://www.facebook.com/groups/1757639348184159,2026-09-18T03:16:10Z,raw_data_run_20260918_101427_89744d.csv,rec_8cb8ff0c855c7c75,False,*Ubah Lahan Kosong Jadi Mesin Uang Hijau* Punya lahan parkir / sport club / ruko / cafe / mall / pom kosong Jadikan SPKLU yuk Lihat selengkapnya,*ubah lahan kosong jadi mesin uang hijau* punya lahan parkir / sport club / ruko / cafe / mall / pom kosong jadikan spklu yuk lihat selengkapnya,XPeng G6,medium,community_context,False,,,,False,not_relevant,no_adas_keyword,,UNKNOWN,,,,,,,
rec_3aeed2999b0617bc,XPeng G6,Xpeng G6 Indonesia,https://www.facebook.com/groups/1757639348184159,post_10,post_10_comment_39,post_10,comment,,,,"Punya Mobil Listrik? Saatnya Isi Daya di Rumah!
Tidak perlu lagi antre di SPKLU atau khawatir baterai habis saat ingin bepergian.
Dengan EV Charger Home, Anda bisa:
 Charging lebih nyaman.… Lihat selengkapnya",https://www.facebook.com/groups/1757639348184159,2026-09-18T03:16:12Z,raw_data_run_20260918_101427_89744d.csv,rec_3aeed2999b0617bc,False,"Punya Mobil Listrik? Saatnya Isi Daya di Rumah! Tidak perlu lagi antre di SPKLU atau khawatir baterai habis saat ingin bepergian. Dengan EV Charger Home, Anda bisa: Charging lebih nyaman.… Lihat selengkapnya","punya mobil listrik? saatnya isi daya di rumah! tidak perlu lagi antre di spklu atau khawatir baterai habis saat ingin bepergian. dengan ev charger home, anda bisa: charging lebih nyaman.… lihat selengkapnya",XPeng G6,medium,community_context,False,,,,False,not_relevant,no_adas_keyword,,UNKNOWN,,,,,,,
rec_12d5faafe79ec7cd,XPeng G6,Xpeng G6 Indonesia,https://www.facebook.com/groups/1757639348184159,post_10,post_10_comment_40,post_10,comment,,,,Punya Mobil Listrik? Saatnya Isi Daya di Rumah!,https://www.facebook.com/groups/1757639348184159,2026-09-18T03:16:12Z,raw_data_run_20260918_101427_89744d.csv,rec_12d5faafe79ec7cd,False,Punya Mobil Listrik? Saatnya Isi Daya di Rumah!,punya mobil listrik? saatnya isi daya di rumah!,XPeng G6,medium,community_context,False,,,,False,not_relevant,no_adas_keyword,,UNKNOWN,,,,,,,
rec_fb2ed7a0696ad9be,XPeng G6,Xpeng G6 Indonesia,https://www.facebook.com/groups/1757639348184159,post_10,post_10_comment_41,post_10,comment,,,,Tidak perlu lagi antre di SPKLU atau khawatir baterai habis saat ingin bepergian.,https://www.facebook.com/groups/1757639348184159,2026-09-18T03:16:12Z,raw_data_run_20260918_101427_89744d.csv,rec_fb2ed7a0696ad9be,False,Tidak perlu lagi antre di SPKLU atau khawatir baterai habis saat ingin bepergian.,tidak perlu lagi antre di spklu atau khawatir baterai habis saat ingin bepergian.,XPeng G6,medium,community_context,False,,,,False,not_relevant,no_adas_keyword,,UNKNOWN,,,,,,,
rec_7ecb3acfe9c816e4,XPeng G6,Xpeng G6 Indonesia,https://www.facebook.com/groups/1757639348184159,post_10,post_10_comment_42,post_10,comment,,,,"Dengan EV Charger Home, Anda bisa:",https://www.facebook.com/groups/1757639348184159,2026-09-18T03:16:12Z,raw_data_run_20260918_101427_89744d.csv,rec_7ecb3acfe9c816e4,False,"Dengan EV Charger Home, Anda bisa:","dengan ev charger home, anda bisa:",XPeng G6,medium,community_context,False,,,,False,not_relevant,no_adas_keyword,,UNKNOWN,,,,,,,
rec_d47cfc3068dda403,XPeng G6,Xpeng G6 Indonesia,https://www.facebook.com/groups/1757639348184159,post_10,post_10_comment_43,post_10,comment,,,,Charging lebih nyaman.… Lihat selengkapnya,https://www.facebook.com/groups/1757639348184159,2026-09-18T03:16:12Z,raw_data_run_20260918_101427_89744d.csv,rec_d47cfc3068dda403,False,Charging lebih nyaman.… Lihat selengkapnya,charging lebih nyaman.… lihat selengkapnya,XPeng G6,medium,community_context,False,,,,False,not_relevant,no_adas_keyword,,UNKNOWN,,,,,,,
rec_3f4de56c1bbb8d2a,XPeng G6,Xpeng G6 Indonesia,https://www.facebook.com/groups/1757639348184159,post_10,post_10_comment_44,post_10,comment,,,,"Saatnya beralih ke solusi pengisian kendaraan listrik yang lebih praktis dan terpercaya 
Kami menyediakan EV Charger berkualitas untuk rumah, kantor, apartemen hingga area komersial lainnya.
Instalasi profesional, aman dan bergaransi. … Lihat selengkapnya",https://www.facebook.com/groups/1757639348184159,2026-09-18T03:16:15Z,raw_data_run_20260918_101427_89744d.csv,rec_3f4de56c1bbb8d2a,False,"Saatnya beralih ke solusi pengisian kendaraan listrik yang lebih praktis dan terpercaya Kami menyediakan EV Charger berkualitas untuk rumah, kantor, apartemen hingga area komersial lainnya. Instalasi profesional, aman dan bergaransi. … Lihat selengkapnya","saatnya beralih ke solusi pengisian kendaraan listrik yang lebih praktis dan terpercaya kami menyediakan ev charger berkualitas untuk rumah, kantor, apartemen hingga area komersial lainnya. instalasi profesional, aman dan bergaransi. … lihat selengkapnya",XPeng G6,medium,community_context,False,,,,False,not_relevant,no_adas_keyword,,UNKNOWN,,,,,,,
rec_8c1e51f7f0d21fa5,XPeng G6,Xpeng G6 Indonesia,https://www.facebook.com/groups/1757639348184159,post_10,post_10_comment_45,post_10,comment,,,,Saatnya beralih ke solusi pengisian kendaraan listrik yang lebih praktis dan terpercaya,https://www.facebook.com/groups/1757639348184159,2026-09-18T03:16:15Z,raw_data_run_20260918_101427_89744d.csv,rec_8c1e51f7f0d21fa5,False,Saatnya beralih ke solusi pengisian kendaraan listrik yang lebih praktis dan terpercaya,saatnya beralih ke solusi pengisian kendaraan listrik yang lebih praktis dan terpercaya,XPeng G6,medium,community_context,False,,,,False,not_relevant,no_adas_keyword,,UNKNOWN,,,,,,,
rec_9512df3f76e282f3,XPeng G6,Xpeng G6 Indonesia,https://www.facebook.com/groups/1757639348184159,post_10,post_10_comment_46,post_10,comment,,,,"Kami menyediakan EV Charger berkualitas untuk rumah, kantor, apartemen hingga area komersial lainnya.",https://www.facebook.com/groups/1757639348184159,2026-09-18T03:16:15Z,raw_data_run_20260918_101427_89744d.csv,rec_9512df3f76e282f3,False,"Kami menyediakan EV Charger berkualitas untuk rumah, kantor, apartemen hingga area komersial lainnya.","kami menyediakan ev charger berkualitas untuk rumah, kantor, apartemen hingga area komersial lainnya.",XPeng G6,medium,community_context,False,,,,False,not_relevant,no_adas_keyword,,UNKNOWN,,,,,,,
rec_fd42f352af5d6e5b,XPeng G6,Xpeng G6 Indonesia,https://www.facebook.com/groups/1757639348184159,post_10,post_10_comment_47,post_10,comment,,,,"Instalasi profesional, aman dan bergaransi. … Lihat selengkapnya",https://www.facebook.com/groups/1757639348184159,2026-09-18T03:16:15Z,raw_data_run_20260918_101427_89744d.csv,rec_fd42f352af5d6e5b,False,"Instalasi profesional, aman dan bergaransi. … Lihat selengkapnya","instalasi profesional, aman dan bergaransi. … lihat selengkapnya",XPeng G6,medium,community_context,False,,,,False,not_relevant,no_adas_keyword,,UNKNOWN,,,,,,,
rec_ff4a3d5b46a51fb3,XPeng G6,Xpeng G6 Indonesia,https://www.facebook.com/groups/1757639348184159,post_10,post_10_comment_48,post_10,comment,,,,"Lagi ada promo menarik selama Agustus nih…
Cuuuussss kepoin ke admin di nomor di bawah ini ya gaes :
08161837957",https://www.facebook.com/groups/1757639348184159,2026-09-18T03:16:15Z,raw_data_run_20260918_101427_89744d.csv,rec_ff4a3d5b46a51fb3,False,Lagi ada promo menarik selama Agustus nih… Cuuuussss kepoin ke admin di nomor di bawah ini ya gaes : 08161837957,lagi ada promo menarik selama agustus nih… cuuuussss kepoin ke admin di nomor di bawah ini ya gaes : 08161837957,XPeng G6,medium,community_context,False,,,,False,not_relevant,no_adas_keyword,,UNKNOWN,,,,,,,
rec_785a3762f2e9c663,XPeng G6,Xpeng G6 Indonesia,https://www.facebook.com/groups/1757639348184159,post_10,post_10_comment_49,post_10,comment,,,,"*Investasi terbaik untuk pemilik Mobil Listrik*
Harga Kompetitif,
Produk Berkualitas,
Instalasi Profesional,
Siap Melayani rumah, kantor dan bisnis.
Lihat selengkapnya",https://www.facebook.com/groups/1757639348184159,2026-09-18T03:16:20Z,raw_data_run_20260918_101427_89744d.csv,rec_785a3762f2e9c663,False,"*Investasi terbaik untuk pemilik Mobil Listrik* Harga Kompetitif, Produk Berkualitas, Instalasi Profesional, Siap Melayani rumah, kantor dan bisnis. Lihat selengkapnya","*investasi terbaik untuk pemilik mobil listrik* harga kompetitif, produk berkualitas, instalasi profesional, siap melayani rumah, kantor dan bisnis. lihat selengkapnya",XPeng G6,medium,community_context,False,,,,False,not_relevant,no_adas_keyword,,UNKNOWN,,,,,,,
rec_5150b999df3fa73b,XPeng G6,Xpeng G6 Indonesia,https://www.facebook.com/groups/1757639348184159,post_10,post_10_comment_51,post_10,comment,,,,"GAES.. Bro en Sist yg males antri isi daya listrik untuk mobil, buruan pasang Wall Charging sendiri untuk di rumah…
ANTI ngantri… 
… 
Pemasangan cepat en READY Stock…
Commercial Use juga ready ya gaes
Untuk info hubungi admin di 
WA… Lihat selengkapnya",https://www.facebook.com/groups/1757639348184159,2026-09-18T03:16:28Z,raw_data_run_20260918_101427_89744d.csv,rec_5150b999df3fa73b,False,"GAES.. Bro en Sist yg males antri isi daya listrik untuk mobil, buruan pasang Wall Charging sendiri untuk di rumah… ANTI ngantri… … Pemasangan cepat en READY Stock… Commercial Use juga ready ya gaes Untuk info hubungi admin di WA… Lihat selengkapnya","gaes.. bro en sist yg males antri isi daya listrik untuk mobil, buruan pasang wall charging sendiri untuk di rumah… anti ngantri… … pemasangan cepat en ready stock… commercial use juga ready ya gaes untuk info hubungi admin di wa… lihat selengkapnya",XPeng G6,medium,community_context,False,,,,False,not_relevant,no_adas_keyword,,UNKNOWN,,,,,,,
rec_a1489f40af832fc3,XPeng G6,Xpeng G6 Indonesia,https://www.facebook.com/groups/1757639348184159,post_10,post_10_comment_52,post_10,comment,,,,"GAES.. Bro en Sist yg males antri isi daya listrik untuk mobil, buruan pasang Wall Charging sendiri untuk di rumah…",https://www.facebook.com/groups/1757639348184159,2026-09-18T03:16:28Z,raw_data_run_20260918_101427_89744d.csv,rec_a1489f40af832fc3,False,"GAES.. Bro en Sist yg males antri isi daya listrik untuk mobil, buruan pasang Wall Charging sendiri untuk di rumah…","gaes.. bro en sist yg males antri isi daya listrik untuk mobil, buruan pasang wall charging sendiri untuk di rumah…",XPeng G6,medium,community_context,False,,,,False,not_relevant,no_adas_keyword,,UNKNOWN,,,,,,,
rec_289a016c39111203,XPeng G6,Xpeng G6 Indonesia,https://www.facebook.com/groups/1757639348184159,post_10,post_10_comment_53,post_10,comment,,,,"ANTI ngantri… 
…",https://www.facebook.com/groups/1757639348184159,2026-09-18T03:16:28Z,raw_data_run_20260918_101427_89744d.csv,rec_289a016c39111203,False,ANTI ngantri… …,anti ngantri… …,XPeng G6,medium,community_context,False,,,,False,not_relevant,no_adas_keyword,,UNKNOWN,,,,,,,
rec_29828504543fa088,XPeng G6,Xpeng G6 Indonesia,https://www.facebook.com/groups/1757639348184159,post_10,post_10_comment_54,post_10,comment,,,,Pemasangan cepat en READY Stock…,https://www.facebook.com/groups/1757639348184159,2026-09-18T03:16:28Z,raw_data_run_20260918_101427_89744d.csv,rec_29828504543fa088,False,Pemasangan cepat en READY Stock…,pemasangan cepat en ready stock…,XPeng G6,medium,community_context,False,,,,False,not_relevant,no_adas_keyword,,UNKNOWN,,,,,,,
rec_831290e2335329c3,XPeng G6,Xpeng G6 Indonesia,https://www.facebook.com/groups/1757639348184159,post_10,post_10_comment_55,post_10,comment,,,,Commercial Use juga ready ya gaes,https://www.facebook.com/groups/1757639348184159,2026-09-18T03:16:28Z,raw_data_run_20260918_101427_89744d.csv,rec_831290e2335329c3,False,Commercial Use juga ready ya gaes,commercial use juga ready ya gaes,XPeng G6,medium,community_context,False,,,,False,not_relevant,no_adas_keyword,,UNKNOWN,,,,,,,
rec_acdf8d9ed7f9a9a9,XPeng G6,Xpeng G6 Indonesia,https://www.facebook.com/groups/1757639348184159,post_10,post_10_comment_56,post_10,comment,,,,Untuk info hubungi admin di,https://www.facebook.com/groups/1757639348184159,2026-09-18T03:16:28Z,raw_data_run_20260918_101427_89744d.csv,rec_acdf8d9ed7f9a9a9,False,Untuk info hubungi admin di,untuk info hubungi admin di,XPeng G6,medium,community_context,False,,,,False,not_relevant,no_adas_keyword,,UNKNOWN,,,,,,,
rec_026bbe6ab1b82c9a,XPeng G6,Xpeng G6 Indonesia,https://www.facebook.com/groups/1757639348184159,post_10,post_10_comment_57,post_10,comment,,,,WA… Lihat selengkapnya,https://www.facebook.com/groups/1757639348184159,2026-09-18T03:16:28Z,raw_data_run_20260918_101427_89744d.csv,rec_026bbe6ab1b82c9a,False,WA… Lihat selengkapnya,wa… lihat selengkapnya,XPeng G6,medium,community_context,False,,,,False,not_relevant,no_adas_keyword,,UNKNOWN,,,,,,,
rec_795f50d3288f9ac8,XPeng G6,Xpeng G6 Indonesia,https://www.facebook.com/groups/1757639348184159,post_10,post_10_comment_58,post_10,comment,,,,"Lindungi Kendaraan Anda dengan PPF (Paint Protection Film) Berkualitas Premium
Investasi terbaik untuk menjaga tampilan mobil tetap mulus dan berkilau setiap hari.
Kami menerima jasa pemasangan Paint Protection Film (PPF) dengan material berkualitas tinggi yang dirancang untuk memberikan perlindungan maksimal terhadap:
Baret halus akibat penggunaan sehari-hari
Kerikil dan goresan ringan di jalan
Lihat selengkapnya",https://www.facebook.com/groups/1757639348184159,2026-09-18T03:16:40Z,raw_data_run_20260918_101427_89744d.csv,rec_795f50d3288f9ac8,False,Lindungi Kendaraan Anda dengan PPF (Paint Protection Film) Berkualitas Premium Investasi terbaik untuk menjaga tampilan mobil tetap mulus dan berkilau setiap hari. Kami menerima jasa pemasangan Paint Protection Film (PPF) dengan material berkualitas tinggi yang dirancang untuk memberikan perlindungan maksimal terhadap: Baret halus akibat penggunaan sehari-hari Kerikil dan goresan ringan di jalan Lihat selengkapnya,lindungi kendaraan anda dengan ppf (paint protection film) berkualitas premium investasi terbaik untuk menjaga tampilan mobil tetap mulus dan berkilau setiap hari. kami menerima jasa pemasangan paint protection film (ppf) dengan material berkualitas tinggi yang dirancang untuk memberikan perlindungan maksimal terhadap: baret halus akibat penggunaan sehari-hari kerikil dan goresan ringan di jalan lihat selengkapnya,XPeng G6,medium,community_context,True,halus,layer_c_indonesian,,False,uncertain,possible_marketplace_noise,low,ACC,ACC:braking,not_stated,uncertain,positive,smooth,unclear,medium
